Athlete_ID,Athlete_Name,Country,Gender,Age,Sport,Previous_Olympics,Training_Hours_Per_Week,Altitude_Training_m,Body_Fat_Pct,VO2max,Reaction_Time_ms,Career_Injuries,World_Cup_Points_Preseason,Country_GDP_per_capita,Winter_Sport_Tradition_Index,Medal,Reaction_Time_ms_Missing,World_Cup_Points_Preseason_Missing,VO2_BodyFat_Efficiency,Experience_Load_Index,Resource_Tradition_Score,Medal_Group,Medal_Binary
MC26_1001,Ben Ogden,USA,M,26.0,Cross-Country,1.0,35.6,1687.0,9.2,91.5,190.0,1.0,356.0,80000,0.82,Silver,1,0,8.957894736842105,35.6,6.56,Silver_or_Bronze,1
MC26_1002,Loic Meillard,SUI,M,30.0,Alpine Skiing,3.0,22.9,2289.0,13.9,71.4,208.0,1.0,977.0,93000,0.93,Gold,0,0,5.136690647482014,68.69999999999999,8.649000000000001,Gold,1
MC26_1003,Francesca Lollobrigida,ITA,F,35.0,Speed Skating,1.0,29.0,394.0,10.1,82.6,189.0,3.0,416.0,38000,0.82,Gold,0,0,8.178217821782178,29.0,3.1159999999999997,Gold,1
MC26_1004,Maria Nilsson,FRA,F,43.0,Ski Jumping,4.0,26.2,1239.0,9.1,59.3,183.0,2.0,801.0,48000,0.87,None,0,0,6.516483516483516,104.8,4.176,None,0
MC26_1005,Nils Lewis,GER,M,20.0,Short Track,0.0,20.2,67.0,12.3,63.1,187.0,2.0,393.0,52000,0.88,None,0,0,5.130081300813008,0.0,4.5760000000000005,None,0
MC26_1006,Daniel Gruber,NED,M,20.0,Alpine Skiing,1.0,20.9,2307.0,11.8,74.8,178.0,5.0,251.0,62000,0.85,None,0,0,6.338983050847457,20.9,5.27,None,0
MC26_1007,Shaun White,USA,M,40.0,Snowboard,2.0,18.1,1678.0,9.6,57.6,244.0,3.0,573.0,80000,0.82,None,0,0,6.0,36.2,6.56,None,0
MC26_1008,Rasmus Davis,AUS,M,37.0,Speed Skating,5.0,25.9,258.0,9.5,74.1,161.0,3.0,599.0,65000,0.22,None,0,1,7.8,129.5,1.43,None,0
MC26_1009,Mia Thomas,CZE,F,41.0,Speed Skating,0.0,26.6,153.0,11.4,76.9,168.0,1.0,370.0,28000,0.64,None,0,0,6.745614035087719,0.0,1.7919999999999998,None,0
MC26_1010,Nathan Fischer,FIN,M,43.0,Short Track,0.0,23.9,96.0,9.0,71.15,146.0,4.0,549.0,53000,0.9,None,0,0,6.153153153153153,0.0,4.77,None,0
MC26_1011,Alyssa White,ITA,F,36.0,Ice Hockey,4.0,29.4,22.0,9.0,62.25,194.0,2.0,595.0,38000,0.82,Gold,0,1,5.3671091445427725,117.6,3.1159999999999997,Gold,1
MC26_1012,Kayla Keller,AUT,F,26.0,Biathlon,2.0,37.8,1813.0,10.5,89.5,192.0,3.0,1233.0,56000,0.92,Gold,0,0,8.523809523809524,75.6,5.152,Gold,1
MC26_1013,Eileen Gu,CHN,F,23.0,Freestyle Skiing,4.0,21.4,1676.0,13.0,62.0,211.0,4.0,797.0,13000,0.62,Bronze,0,0,4.81344816687737,25.2,0.806,Silver_or_Bronze,1
MC26_1014,Nina Smith,SWE,F,34.0,Freestyle Skiing,3.0,19.8,1480.0,15.3,61.0,216.0,5.0,241.0,56000,0.91,None,0,0,3.986928104575163,59.400000000000006,5.096,None,0
MC26_1015,Alyssa Clark,SWE,F,26.0,Cross-Country,5.0,33.0,1256.0,11.4,85.7,190.0,0.0,720.0,56000,0.91,None,1,1,7.517543859649122,165.0,5.096,None,0
MC26_1016,Tobias Robinson,NED,M,36.0,Cross-Country,1.0,32.6,1885.0,10.2,85.1,190.0,1.0,431.0,62000,0.85,None,1,0,8.343137254901961,32.6,5.27,None,0
MC26_1017,Martin Nyenget,NOR,M,34.0,Cross-Country,4.0,36.2,1655.0,10.3,89.8,190.0,2.0,146.0,95000,0.97,Gold,1,0,8.718446601941746,144.8,9.215,Gold,1
MC26_1018,Valerie Maltais,CAN,F,36.0,Speed Skating,5.0,29.5,25.0,11.1,73.9,172.5,2.0,1223.0,55000,0.88,Gold,1,0,6.159090909090909,147.5,4.84,Gold,1
MC26_1019,Elena White,GER,F,21.0,Bobsleigh,1.0,25.9,1124.0,13.5,62.2,176.0,1.0,244.0,52000,0.88,None,0,0,4.607407407407408,25.9,4.5760000000000005,None,0
MC26_1020,Pierre Wilson,CZE,M,35.0,Freestyle Skiing,0.0,21.4,1653.0,13.9,55.1,212.0,6.0,563.0,28000,0.64,None,0,0,3.964028776978417,25.2,1.7919999999999998,None,0
MC26_1021,Jordan Stolz,USA,M,22.0,Speed Skating,1.0,31.8,296.0,10.0,83.1,157.0,0.0,599.0,80000,0.82,Gold,0,1,8.309999999999999,31.8,6.56,Gold,1
MC26_1022,Ryan Muller,USA,M,23.0,Alpine Skiing,1.0,21.6,2269.0,12.5,65.55000000000001,199.0,4.0,1022.0,80000,0.82,None,1,0,5.637931034482759,21.6,6.56,None,0
MC26_1023,Nina Smith,USA,F,21.0,Ice Hockey,1.0,27.5,131.0,11.8,65.0,193.0,8.0,595.0,80000,0.82,None,1,1,5.508474576271186,27.5,6.56,None,0
MC26_1024,Nicolas Bernard,NZL,M,21.0,Short Track,2.0,26.4,295.0,11.6,73.8,161.0,2.0,133.0,50000,0.32,None,0,0,6.362068965517241,52.8,1.6,None,0
MC26_1025,Anna Swenn Larsson,SWE,F,32.0,Alpine Skiing,4.0,28.6,1975.0,10.6,73.7,176.0,3.0,964.0,56000,0.91,Bronze,0,0,6.952830188679246,114.4,5.096,Silver_or_Bronze,1
MC26_1026,Leon Johnson,CZE,M,24.0,Biathlon,4.0,27.9,1353.0,14.0,82.6,168.0,2.0,1105.0,28000,0.64,Silver,0,0,5.8999999999999995,111.6,1.7919999999999998,Silver_or_Bronze,1
MC26_1027,Agnes Clark,NZL,F,24.0,Speed Skating,0.0,31.1,140.0,8.6,76.2,173.0,0.0,156.0,50000,0.32,None,0,0,8.860465116279071,0.0,1.6,None,0
MC26_1028,Ava Gruber,SLO,F,39.0,Alpine Skiing,1.0,20.6,2102.0,12.4,61.9,190.0,2.0,921.0,32000,0.56,None,0,0,4.991935483870967,20.6,1.7920000000000003,None,0
MC26_1029,Ingrid Muller,CZE,F,23.0,Ski Jumping,0.0,24.1,837.0,9.1,59.8,219.0,1.0,859.0,28000,0.64,None,0,0,7.2708999860898595,85.6,1.7919999999999998,None,0
MC26_1030,Amelia Murray,SWE,F,26.0,Short Track,1.0,23.3,228.0,11.4,70.2,150.0,3.0,590.0,56000,0.91,None,0,0,6.157894736842105,23.3,5.096,None,0
MC26_1031,Kyle Moore,ITA,M,34.0,Short Track,5.0,27.2,172.0,8.6,72.3,162.0,3.0,203.0,38000,0.82,None,0,0,8.406976744186046,136.0,3.1159999999999997,None,0
MC26_1032,Ebba Andersson,SWE,F,29.0,Cross-Country,1.0,36.6,1202.0,10.9,96.0,190.0,2.0,360.0,56000,0.91,Gold,1,0,8.807339449541285,36.6,5.096,Gold,1
MC26_1033,Pierre Bauer,USA,M,43.0,Curling,0.0,15.6,42.0,21.0,43.2,190.0,2.0,595.0,80000,0.82,None,1,1,2.462993648163491,0.0,6.56,None,0
MC26_1034,Miho Takagi,JPN,F,32.0,Speed Skating,4.0,30.1,200.5,14.0,83.0,192.0,2.0,948.0,35000,0.74,Silver,0,0,5.928571428571429,120.4,2.59,Silver_or_Bronze,1
MC26_1035,Isabella Hansen,FIN,F,31.0,Short Track,3.0,29.5,227.0,11.7,74.4,165.0,0.0,631.0,53000,0.9,Bronze,1,0,6.3589743589743595,88.5,4.77,Silver_or_Bronze,1
MC26_1036,Niklas Edin,SWE,M,41.0,Curling,4.0,18.5,107.0,21.3,52.3,190.0,2.0,595.0,56000,0.91,Silver,1,1,2.4553990610328635,74.0,5.096,Silver_or_Bronze,1
MC26_1037,Andrei Johansson,CAN,M,41.0,Snowboard,2.0,24.9,1872.0,9.1,61.8,220.0,2.0,922.0,55000,0.88,None,0,0,6.791208791208791,49.8,4.84,None,0
MC26_1038,Hilary Knight,USA,F,37.0,Ice Hockey,1.0,29.0,14.0,12.4,69.4,174.0,1.0,595.0,80000,0.82,Gold,0,1,5.596774193548387,29.0,6.56,Gold,1
MC26_1039,Emily Walker,HUN,F,26.0,Freestyle Skiing,3.0,17.8,2139.0,11.2,54.2,238.0,2.0,406.0,22000,0.26,None,0,0,4.839285714285714,53.400000000000006,0.5720000000000001,None,0
MC26_1040,Ava Thompson,HUN,F,20.0,Speed Skating,2.0,25.6,200.5,12.6,67.1,177.0,3.0,870.0,22000,0.26,None,0,0,5.325396825396825,51.2,0.5720000000000001,None,0
MC26_1041,Matt Johnson,SUI,M,33.0,Alpine Skiing,1.0,22.1,1835.0,11.3,65.55000000000001,216.0,2.0,1024.0,93000,0.93,None,0,0,5.637931034482759,22.1,8.649000000000001,None,0
MC26_1042,Sofia Harris,KOR,F,27.0,Cross-Country,2.0,34.6,1410.0,11.4,95.9,190.0,0.0,1120.0,35000,0.71,Silver,1,0,8.412280701754387,69.2,2.485,Silver_or_Bronze,1
MC26_1043,Johannes Dale-Skjevdal,NOR,M,27.0,Biathlon,3.0,32.7,1708.0,13.0,79.8,180.0,3.0,303.0,95000,0.97,Gold,1,0,6.138461538461538,98.10000000000001,9.215,Gold,1
MC26_1044,Agnes Lewis,AUT,F,42.0,Curling,5.0,14.6,79.0,22.9,44.7,190.0,1.0,595.0,56000,0.92,None,1,1,1.9519650655021836,73.0,5.152,None,0
MC26_1045,Kristin Schmidt,CAN,F,22.0,Ice Hockey,1.0,26.3,124.0,10.0,65.4,181.0,3.0,595.0,55000,0.88,None,0,1,6.540000000000001,26.3,4.84,None,0
MC26_1046,Choi Gaon,KOR,F,19.0,Snowboard,3.0,25.7,1857.0,16.4,61.0,256.0,1.0,505.0,35000,0.71,Gold,0,0,3.7195121951219514,77.1,2.485,Gold,1
MC26_1047,Ivanie Blondin,CAN,F,36.0,Speed Skating,5.0,28.7,132.0,8.2,85.7,194.0,2.0,295.0,55000,0.88,Gold,0,0,10.451219512195124,143.5,4.84,Gold,1
MC26_1048,Mikael Walker,FRA,M,33.0,Ski Jumping,2.0,20.4,837.0,9.7,54.6,220.0,1.0,908.0,48000,0.87,None,0,0,5.628865979381444,40.8,4.176,None,0
MC26_1049,Harper Koch,POL,F,38.0,Biathlon,3.0,33.4,1734.0,12.3,83.7,187.0,2.0,1118.0,20000,0.42,None,0,0,6.804878048780488,100.19999999999999,0.84,None,0
MC26_1050,Jens Johnson,CZE,M,25.0,Ski Jumping,2.0,19.4,607.0,10.3,57.1,204.0,4.0,151.0,28000,0.64,None,0,0,5.543689320388349,38.8,1.7919999999999998,None,0
MC26_1051,Kaitlyn Thompson,USA,F,41.0,Alpine Skiing,2.0,20.1,2336.0,10.5,57.3,219.0,4.0,971.0,80000,0.82,None,0,0,5.457142857142857,40.2,6.56,None,0
MC26_1052,Stefan Jensen,KOR,M,25.0,Bobsleigh,1.0,21.5,542.0,10.3,59.8,173.0,1.0,138.0,35000,0.71,None,1,0,5.805825242718446,21.5,2.485,None,0
MC26_1053,Isabelle Weidemann,CAN,F,31.0,Speed Skating,3.0,29.7,15.0,12.8,83.1,167.0,2.0,599.0,55000,0.88,Gold,0,0,6.492187499999999,89.1,4.84,Gold,1
MC26_1054,Connor McDavid,CAN,M,29.0,Ice Hockey,4.0,23.7,189.0,9.2,64.9,192.0,7.0,595.0,55000,0.88,Silver,0,1,7.054347826086958,94.8,4.84,Silver_or_Bronze,1
MC26_1055,Metodej Jilek,CZE,M,20.0,Speed Skating,5.0,28.8,39.0,13.2,81.3,177.0,0.0,1244.0,28000,0.64,Gold,0,0,6.159090909090909,144.0,1.7919999999999998,Gold,1
MC26_1056,Natalie Geisenberger,GER,F,38.0,Luge,3.0,27.5,1434.0,12.8,66.5,177.0,0.0,613.5,52000,0.88,Gold,0,1,5.1953125,82.5,4.5760000000000005,Gold,1
MC26_1057,Evelyn Andersen,CHN,F,32.0,Ice Hockey,2.0,23.3,89.0,9.0,62.4,163.0,7.0,595.0,13000,0.62,None,0,1,6.933333333333334,46.6,0.806,None,0
MC26_1058,Ryan Thomas,SWE,M,23.0,Alpine Skiing,4.0,24.5,2062.0,12.0,67.5,210.0,2.0,792.0,56000,0.91,None,0,0,5.625,98.0,5.096,None,0
MC26_1059,Fukada Mari,JPN,F,20.0,Snowboard,2.0,22.0,1674.0,9.6,61.2,210.0,3.0,381.0,35000,0.74,Gold,0,0,6.375000000000001,44.0,2.59,Gold,1
MC26_1060,Federica Brignone,ITA,F,36.0,Alpine Skiing,4.0,22.8,1912.0,9.1,69.8,198.0,1.0,696.0,38000,0.82,Gold,0,0,7.670329670329671,91.2,3.1159999999999997,Gold,1
MC26_1061,Mikael Steiner,FIN,M,37.0,Speed Skating,1.0,31.0,160.0,9.9,86.4,161.0,0.0,266.0,53000,0.9,Bronze,0,0,8.727272727272728,31.0,4.77,Silver_or_Bronze,1
MC26_1062,Henrik Petersen,USA,M,40.0,Biathlon,4.0,31.8,1966.0,11.6,72.8,180.0,0.0,969.0,80000,0.82,None,1,0,6.275862068965517,127.2,6.56,None,0
MC26_1063,Tyler Andersen,NOR,M,39.0,Alpine Skiing,3.0,20.1,2340.0,11.75,57.6,205.0,4.0,208.0,95000,0.97,None,0,0,5.637931034482759,60.300000000000004,9.215,None,0
MC26_1064,Olivia Moore,NOR,F,39.0,Cross-Country,1.0,33.6,1412.0,8.2,84.4,190.0,0.0,556.0,95000,0.97,None,1,0,10.29268292682927,33.6,9.215,None,0
MC26_1065,Olivia Bernard,CAN,F,37.0,Snowboard,0.0,20.7,1661.0,11.9,58.0,207.0,6.0,166.0,55000,0.88,None,0,0,4.873949579831932,0.0,4.84,None,0
MC26_1066,Cale Wilson,USA,M,44.0,Biathlon,1.0,28.8,1820.0,9.4,82.1,166.0,1.0,567.0,80000,0.82,None,0,0,8.734042553191488,28.8,6.56,None,0
MC26_1067,Breezy Johnson,USA,F,30.0,Alpine Skiing,3.0,22.6,2282.0,12.8,68.2,211.0,5.0,348.0,80000,0.82,Gold,0,0,5.328125,67.80000000000001,6.56,Gold,1
MC26_1068,Ning Zhongyan,CHN,M,25.0,Speed Skating,5.0,31.6,195.0,15.2,88.8,192.0,0.0,853.0,13000,0.62,Gold,0,0,5.842105263157895,158.0,0.806,Gold,1
MC26_1069,Maria Murray,ITA,F,32.0,Speed Skating,0.0,25.3,341.0,11.95,74.8,172.5,1.0,525.0,38000,0.82,None,1,0,6.159090909090909,0.0,3.1159999999999997,None,0
MC26_1070,Nick Steiner,CHN,M,30.0,Speed Skating,2.0,30.8,2.0,11.3,73.9,162.0,2.0,748.0,13000,0.62,None,0,0,6.539823008849558,61.6,0.806,None,0
MC26_1071,Therese Lewis,ITA,F,23.0,Ice Hockey,0.0,25.7,2.0,14.4,59.5,199.0,2.0,595.0,38000,0.82,None,0,1,4.131944444444445,0.0,3.1159999999999997,None,0
MC26_1072,Matt Steiner,FRA,M,41.0,Biathlon,2.0,31.0,1404.0,9.8,82.0,189.0,1.0,981.0,48000,0.87,Bronze,0,0,8.36734693877551,62.0,4.176,Silver_or_Bronze,1
MC26_1073,Stefan Thompson,NOR,M,43.0,Freestyle Skiing,1.0,25.2,1786.0,15.5,53.6,206.0,2.0,716.0,95000,0.97,None,0,0,3.458064516129032,25.2,9.215,None,0
MC26_1074,Jonas Gruber,KOR,M,33.0,Speed Skating,1.0,29.5,274.0,11.95,67.5,186.0,0.0,196.0,35000,0.71,None,0,0,6.159090909090909,29.5,2.485,None,0
MC26_1075,Ilia Malinin,USA,M,22.0,Figure Skating,3.0,33.3,161.0,8.1,65.0,190.0,1.0,595.0,80000,0.82,Gold,1,1,8.024691358024691,99.89999999999999,6.56,Gold,1
MC26_1076,Courtney Sarault,CAN,F,27.0,Short Track,2.0,29.6,152.0,8.7,72.9,171.0,4.0,520.0,55000,0.88,Silver,0,1,8.379310344827587,59.2,4.84,Silver_or_Bronze,1
MC26_1077,Anja Clark,KOR,F,34.0,Ice Hockey,3.0,22.0,173.0,11.1,54.6,189.0,6.0,595.0,35000,0.71,None,0,1,4.918918918918919,66.0,2.485,None,0
MC26_1078,Logan Simon,USA,M,42.0,Luge,1.0,20.5,1206.0,10.6,63.4,186.0,4.0,82.0,80000,0.82,None,0,0,5.981132075471698,20.5,6.56,None,0
MC26_1079,Nils Walker,CHN,M,41.0,Alpine Skiing,4.0,23.3,2423.0,11.7,71.9,218.0,2.0,684.0,13000,0.62,None,0,0,6.145299145299147,93.2,0.806,None,0
MC26_1080,Auston Matthews,CAN,M,29.0,Ice Hockey,2.0,25.0,123.0,11.25,66.1,193.0,1.0,595.0,55000,0.88,Silver,0,1,5.3671091445427725,50.0,4.84,Silver_or_Bronze,1
MC26_1081,Zach Murray,SLO,M,22.0,Biathlon,3.0,35.9,1566.0,12.5,85.6,189.0,1.0,822.0,32000,0.56,None,0,0,6.848,107.69999999999999,1.7920000000000003,None,0
MC26_1082,Sophia Bernard,USA,F,28.0,Ice Hockey,1.0,20.7,49.0,10.0,62.6,198.0,3.0,595.0,80000,0.82,None,0,1,6.26,20.7,6.56,None,0
MC26_1083,Hanna Miller,ITA,F,24.0,Curling,5.0,13.0,149.0,20.9,50.4,190.0,1.0,595.0,38000,0.82,None,1,1,2.411483253588517,65.0,3.1159999999999997,None,0
MC26_1084,Giovanni Franzoni,ITA,M,25.0,Alpine Skiing,2.0,22.0,1990.0,10.8,64.1,181.0,2.0,680.0,38000,0.82,Silver,0,0,5.935185185185184,44.0,3.1159999999999997,Silver_or_Bronze,1
MC26_1085,Laura Fischer,NED,F,40.0,Nordic Combined,0.0,21.8,2288.0,9.0,67.6,193.0,2.0,825.0,62000,0.85,None,0,0,7.51111111111111,0.0,5.27,None,0
MC26_1086,Marco Meier,JPN,M,34.0,Curling,5.0,17.3,196.0,18.2,50.4,190.0,0.0,595.0,35000,0.74,None,1,1,2.769230769230769,86.5,2.59,None,0
MC26_1087,Devon Thompson,GER,M,28.0,Ice Hockey,0.0,24.5,91.0,11.3,59.9,198.0,6.0,595.0,52000,0.88,None,0,1,5.3008849557522115,0.0,4.5760000000000005,None,0
MC26_1088,Stefan Stewart,GER,M,38.0,Alpine Skiing,2.0,25.6,1819.0,12.3,64.5,199.0,1.0,258.0,52000,0.88,None,1,0,5.24390243902439,51.2,4.5760000000000005,None,0
MC26_1089,Dylan White,HUN,M,24.0,Alpine Skiing,2.0,22.3,2357.0,10.4,65.55000000000001,190.0,2.0,908.0,22000,0.26,None,0,0,5.637931034482759,44.6,0.5720000000000001,None,0
MC26_1090,Harper Steiner,SUI,F,44.0,Speed Skating,1.0,24.7,79.0,13.9,76.9,155.0,1.0,582.0,93000,0.93,None,0,0,5.532374100719425,24.7,8.649000000000001,None,0
MC26_1091,Kyle Steiner,SLO,M,24.0,Speed Skating,0.0,26.7,387.0,12.6,73.6,185.0,1.0,466.0,32000,0.56,None,0,0,5.841269841269841,0.0,1.7920000000000003,None,0
MC26_1092,Therese Nilsson,CZE,F,43.0,Alpine Skiing,0.0,19.7,2110.0,9.4,63.6,202.0,1.0,952.0,28000,0.64,None,0,0,6.76595744680851,0.0,1.7919999999999998,None,0
MC26_1093,Olivia Campbell,GER,F,34.0,Alpine Skiing,0.0,22.7,2341.0,11.75,59.0,224.0,2.0,685.5,52000,0.88,None,0,1,5.637931034482759,0.0,4.5760000000000005,None,0
MC26_1094,Xu Mengtao,CHN,F,36.0,Freestyle Skiing,4.0,22.8,1634.0,10.7,64.7,231.0,5.0,908.0,13000,0.62,Gold,1,0,6.046728971962618,91.2,0.806,Gold,1
MC26_1095,Abigail Bauer,FIN,F,22.0,Alpine Skiing,1.0,23.1,2105.0,10.2,65.3,190.0,3.0,213.0,53000,0.9,None,0,0,6.401960784313726,23.1,4.77,None,0
MC26_1096,Elizabeth Simon,SWE,F,39.0,Short Track,1.0,26.2,77.0,13.8,76.4,165.0,2.0,661.0,56000,0.91,None,1,0,5.536231884057971,59.2,5.096,None,0
MC26_1097,Steven Dubois,CAN,M,30.0,Short Track,1.0,30.2,204.0,8.8,78.9,184.0,2.0,826.0,55000,0.88,Gold,0,0,8.965909090909092,30.2,4.84,Gold,1
MC26_1098,Henrik Kristoffersen,NOR,M,32.0,Alpine Skiing,3.0,20.0,1874.0,13.7,66.8,187.0,3.0,427.0,95000,0.97,None,0,0,4.875912408759124,60.0,9.215,None,0
MC26_1099,Monika Fischer,CHN,F,33.0,Speed Skating,3.0,27.1,201.0,14.1,69.3,164.0,0.0,218.0,13000,0.62,None,0,0,4.914893617021277,81.30000000000001,0.806,None,0
MC26_1100,Alex Ferreira,USA,M,30.0,Freestyle Skiing,1.0,20.1,1861.0,15.2,66.7,259.0,2.0,905.0,80000,0.82,Gold,0,0,4.3881578947368425,20.1,6.56,Gold,1
MC26_1101,Kim Boutin,CAN,F,32.0,Short Track,2.0,26.2,161.0,13.5,77.2,167.0,0.0,616.0,55000,0.88,Bronze,0,0,5.718518518518518,59.2,4.84,Silver_or_Bronze,1
MC26_1102,Lukas Hansen,SWE,M,27.0,Short Track,0.0,26.3,272.0,13.8,61.1,173.0,1.0,520.0,56000,0.91,None,0,1,4.427536231884058,0.0,5.096,None,0
MC26_1103,Lukas Stewart,GER,M,30.0,Biathlon,2.0,29.9,1503.0,8.6,83.8,178.0,2.0,307.0,52000,0.88,None,0,0,9.744186046511627,59.8,4.5760000000000005,None,0
MC26_1104,Henrik Harris,NOR,M,27.0,Curling,5.0,18.2,50.0,18.4,53.9,190.0,1.0,595.0,95000,0.97,None,1,1,2.9293478260869565,91.0,9.215,None,0
MC26_1105,Elizabeth Simon,CAN,F,23.0,Snowboard,1.0,25.4,2025.0,16.0,60.55,252.0,1.0,894.0,55000,0.88,None,0,0,4.873949579831932,25.4,4.84,None,0
MC26_1106,Jens Muller,GER,M,30.0,Nordic Combined,3.0,23.3,2003.0,8.0,63.5,186.0,1.0,241.0,52000,0.88,None,0,0,7.9375,69.9,4.5760000000000005,None,0
MC26_1107,Madison Walker,CAN,F,22.0,Freestyle Skiing,0.0,16.2,1793.0,9.4,60.25,198.0,1.0,112.0,55000,0.88,None,0,0,4.81344816687737,0.0,4.84,None,0
MC26_1108,Maria Lewis,CHN,F,39.0,Curling,5.0,14.4,60.0,21.3,53.4,190.0,2.0,595.0,13000,0.62,None,1,1,2.5070422535211265,72.0,0.806,None,0
MC26_1109,Sofia Morrison,JPN,F,21.0,Ice Hockey,1.0,19.9,65.0,14.3,59.4,217.0,5.0,595.0,35000,0.74,None,0,1,4.153846153846153,19.9,2.59,None,0
MC26_1110,Deanna Stellato-Dudek,CAN,F,43.0,Figure Skating,3.0,29.3,86.0,15.6,55.2,190.0,2.0,595.0,55000,0.88,None,1,1,3.5384615384615388,87.9,4.84,None,0
MC26_1111,Camille Rast,SUI,F,27.0,Alpine Skiing,2.0,21.6,2472.0,13.5,73.7,224.0,5.0,250.0,93000,0.93,Silver,0,0,5.45925925925926,43.2,8.649000000000001,Silver_or_Bronze,1
MC26_1112,Olivia Campbell,FRA,F,21.0,Luge,1.0,23.7,822.0,10.8,57.9,184.0,3.0,649.0,48000,0.87,None,0,0,5.361111111111111,23.7,4.176,None,0
MC26_1113,Tobias Petersen,CAN,M,23.0,Nordic Combined,1.0,20.6,2376.0,8.3,58.6,193.0,2.0,1119.0,55000,0.88,None,0,0,7.0602409638554215,20.6,4.84,None,0
MC26_1114,Mitch Anderson,GER,M,43.0,Alpine Skiing,0.0,21.6,1870.0,10.3,60.8,196.0,5.0,438.0,52000,0.88,None,0,0,5.9029126213592225,0.0,4.5760000000000005,None,0
MC26_1115,Anja Walker,HUN,F,42.0,Cross-Country,4.0,30.3,1274.0,10.2,78.0,190.0,1.0,296.0,22000,0.26,None,1,0,7.647058823529412,121.2,0.5720000000000001,None,0
MC26_1116,Maja Miller,HUN,F,41.0,Alpine Skiing,2.0,21.0,1951.0,8.7,65.0,217.0,4.0,291.0,22000,0.26,None,0,0,7.471264367816093,42.0,0.5720000000000001,None,0
MC26_1117,Megan Oldham,CAN,F,26.0,Freestyle Skiing,3.0,24.9,1634.0,12.6,62.0,257.0,6.0,326.0,55000,0.88,Gold,0,0,4.920634920634921,74.69999999999999,4.84,Gold,1
MC26_1118,Maja Larsen,JPN,F,28.0,Alpine Skiing,2.0,24.6,2248.0,14.0,68.1,199.0,4.0,519.0,35000,0.74,None,0,0,4.864285714285714,49.2,2.59,None,0
MC26_1119,Jack Hughes,USA,M,25.0,Ice Hockey,4.0,28.6,24.0,11.25,63.7,180.0,4.0,595.0,80000,0.82,Gold,0,1,5.3671091445427725,114.4,6.56,Gold,1
MC26_1120,Tobias Smith,NED,M,43.0,Snowboard,3.0,23.2,1516.0,10.6,60.55,220.0,1.0,801.0,62000,0.85,None,1,0,4.873949579831932,69.6,5.27,None,0
MC26_1121,Nina Martin,NOR,F,31.0,Luge,1.0,24.8,998.0,12.8,68.4,157.0,4.0,849.0,95000,0.97,Gold,0,0,4.748091603053435,24.8,9.215,Gold,1
MC26_1122,Tobias Muller,NZL,M,42.0,Ice Hockey,2.0,24.5,169.0,12.7,61.8,186.0,3.0,595.0,50000,0.32,None,0,1,4.866141732283465,51.3,1.6,None,0
MC26_1123,Axel Thompson,JPN,M,41.0,Biathlon,5.0,33.4,1499.0,8.6,80.4,180.0,3.0,261.0,35000,0.74,None,1,0,9.348837209302326,167.0,2.59,None,0
MC26_1124,Tobias Lewis,BRA,M,34.0,Curling,3.0,15.4,31.0,21.0,41.7,190.0,0.0,595.0,11000,0.04,None,1,1,2.462993648163491,46.2,0.044000000000000004,None,0
MC26_1125,Josh Bauer,GER,M,22.0,Bobsleigh,2.0,27.6,692.0,12.0,69.1,146.0,3.0,469.0,52000,0.88,None,0,0,5.758333333333333,55.2,4.5760000000000005,None,0
MC26_1126,Elena MacDonald,SWE,F,23.0,Speed Skating,2.0,22.8,147.0,9.8,65.6,198.0,3.0,240.0,56000,0.91,None,0,0,6.693877551020407,45.6,5.096,None,0
MC26_1127,Mitch Taylor,CZE,M,41.0,Nordic Combined,1.0,20.5,2032.0,8.4,61.7,180.0,5.0,706.0,28000,0.64,None,0,0,7.345238095238095,20.5,1.7919999999999998,None,0
MC26_1128,Evelyn Thompson,JPN,F,29.0,Biathlon,0.0,31.1,1231.0,13.5,76.4,175.0,3.0,669.0,35000,0.74,None,0,1,5.65925925925926,79.19999999999999,2.59,None,0
MC26_1129,Lisa Martin,JPN,F,24.0,Alpine Skiing,2.0,26.2,1835.0,9.2,63.8,177.0,3.0,745.0,35000,0.74,None,0,0,6.934782608695652,52.4,2.59,None,0
MC26_1130,Emily Taylor,USA,F,36.0,Cross-Country,4.0,34.0,1488.0,9.5,86.3,190.0,1.0,575.0,80000,0.82,None,1,0,9.08421052631579,136.0,6.56,None,0
MC26_1131,Ida Thomas,FRA,F,38.0,Short Track,2.0,23.6,70.0,9.7,73.3,165.0,1.0,247.0,48000,0.87,None,1,0,7.556701030927836,47.2,4.176,None,0
MC26_1132,Brandon Bernard,CHN,M,42.0,Ice Hockey,2.0,22.5,155.0,12.0,61.9,165.0,1.0,595.0,13000,0.62,None,0,1,5.158333333333333,45.0,0.806,None,0
MC26_1133,Rasmus Keller,POL,M,43.0,Bobsleigh,1.0,22.0,701.0,13.8,63.2,173.0,0.0,442.0,20000,0.42,None,1,0,4.579710144927536,22.0,0.84,None,0
MC26_1134,Therese Williams,USA,F,20.0,Bobsleigh,3.0,19.7,820.0,16.8,65.8,173.0,0.0,615.0,80000,0.82,None,0,0,3.9166666666666665,59.099999999999994,6.56,None,0
MC26_1135,Axel Smith,SLO,M,31.0,Luge,2.0,21.3,1245.0,16.3,57.9,144.0,4.0,247.0,32000,0.56,None,0,0,3.5521472392638036,42.6,1.7920000000000003,None,0
MC26_1136,Monika Thomas,CAN,F,28.0,Alpine Skiing,3.0,22.3,2110.0,8.0,59.0,180.0,2.0,685.5,55000,0.88,None,0,1,7.375,66.9,4.84,None,0
MC26_1137,Matt Anderson,GER,M,29.0,Speed Skating,4.0,25.2,312.0,15.3,72.0,185.0,1.0,801.0,52000,0.88,None,0,0,4.705882352941177,100.8,4.5760000000000005,None,0
MC26_1138,Maren Kirkeeide,NOR,F,27.0,Biathlon,2.0,35.4,1245.0,11.0,81.9,203.0,0.0,877.0,95000,0.97,Gold,0,0,6.919117647058823,70.8,9.215,Gold,1
MC26_1139,Kyle Muller,GBR,M,34.0,Alpine Skiing,1.0,16.6,1979.0,11.75,57.3,186.0,1.0,730.0,50000,0.54,None,0,0,5.637931034482759,16.6,2.7,None,0
MC26_1140,Kayla Fischer,USA,F,32.0,Snowboard,2.0,21.7,2372.0,14.1,60.2,221.0,6.0,512.0,80000,0.82,None,0,0,4.269503546099291,43.4,6.56,None,0
MC26_1141,Marco Muller,FIN,M,42.0,Bobsleigh,2.0,23.45,1093.0,16.5,67.9,152.0,3.0,446.0,53000,0.9,None,0,0,4.115151515151515,45.2,4.77,None,0
MC26_1142,Emma Larsen,CAN,F,24.0,Cross-Country,4.0,34.4,1888.0,9.8,85.3,190.0,2.0,849.0,55000,0.88,None,1,0,8.704081632653061,137.6,4.84,None,0
MC26_1143,Brad Gushue,CAN,M,46.0,Curling,5.0,19.6,137.0,23.4,54.9,190.0,2.0,595.0,55000,0.88,Gold,1,1,2.3461538461538463,98.0,4.84,Gold,1
MC26_1144,Emma Larsen,AUT,F,40.0,Freestyle Skiing,0.0,20.5,1558.0,15.3,50.6,231.0,1.0,204.0,56000,0.92,None,0,0,3.30718954248366,0.0,5.152,None,0
MC26_1145,Jonas Martin,SWE,M,27.0,Speed Skating,4.0,30.8,71.0,9.1,73.9,182.0,3.0,542.0,56000,0.91,Bronze,0,0,6.159090909090909,123.2,5.096,Silver_or_Bronze,1
MC26_1146,Marco Davis,AUT,M,37.0,Ski Jumping,3.0,28.7,1460.0,6.5,64.5,216.0,1.0,1032.0,56000,0.92,Bronze,0,0,9.923076923076923,86.1,5.152,Silver_or_Bronze,1
MC26_1147,Elizabeth Lemley,USA,F,24.0,Freestyle Skiing,1.0,25.2,1752.0,13.0,63.5,233.0,3.0,648.0,80000,0.82,Gold,0,0,4.81344816687737,25.2,6.56,Gold,1
MC26_1148,Tobias Robinson,FIN,M,34.0,Ice Hockey,2.0,25.9,97.0,13.3,69.7,165.0,7.0,595.0,53000,0.9,None,0,1,5.2406015037593985,51.8,4.77,None,0
MC26_1149,Anna Bernard,CAN,F,32.0,Snowboard,3.0,21.4,2061.0,12.1,61.5,209.0,5.0,508.5,55000,0.88,None,0,1,4.873949579831932,64.19999999999999,4.84,None,0
MC26_1150,Ryan Cochran-Siegle,USA,M,34.0,Alpine Skiing,2.0,27.6,2347.0,13.1,71.1,214.0,2.0,1130.0,80000,0.82,Silver,0,0,5.427480916030534,55.2,6.56,Silver_or_Bronze,1
MC26_1151,Emma Murray,HUN,F,33.0,Curling,2.0,16.75,182.0,21.0,42.0,190.0,2.0,595.0,22000,0.26,None,1,1,2.462993648163491,68.5,0.5720000000000001,None,0
MC26_1152,Maria MacDonald,FIN,F,23.0,Alpine Skiing,0.0,21.2,2047.0,10.6,65.55000000000001,204.0,2.0,267.0,53000,0.9,None,0,0,5.637931034482759,0.0,4.77,None,0
MC26_1153,Felix Loch,GER,M,37.0,Luge,2.0,26.8,1054.0,11.7,59.8,184.0,2.0,657.0,52000,0.88,Silver,0,0,5.111111111111112,53.6,4.5760000000000005,Silver_or_Bronze,1
MC26_1154,Erik Koch,SUI,M,42.0,Bobsleigh,2.0,18.8,843.0,16.0,64.0,179.0,3.0,85.0,93000,0.93,None,0,0,4.0,37.6,8.649000000000001,None,0
MC26_1155,Cale Keller,NOR,M,22.0,Nordic Combined,1.0,21.1,2097.0,12.5,61.2,219.0,1.0,925.0,95000,0.97,None,0,0,4.896,41.65,9.215,None,0
MC26_1156,Andrei Lewis,GER,M,28.0,Snowboard,1.0,21.7,2177.0,15.7,55.3,258.0,3.0,602.0,52000,0.88,None,0,0,3.522292993630573,21.7,4.5760000000000005,None,0
MC26_1157,Elena White,GBR,F,36.0,Freestyle Skiing,0.0,19.3,1575.0,10.6,59.5,246.0,4.0,424.0,50000,0.54,None,0,1,5.613207547169812,0.0,2.7,None,0
MC26_1158,Henrik Harris,BRA,M,26.0,Biathlon,4.0,27.1,1577.0,12.7,68.4,178.0,1.0,978.0,11000,0.04,None,0,0,5.385826771653544,108.4,0.044000000000000004,None,0
MC26_1159,Sofia Keller,SWE,F,19.0,Cross-Country,1.0,36.1,1588.0,9.2,88.2,190.0,2.0,871.0,56000,0.91,Gold,1,0,9.58695652173913,36.1,5.096,Gold,1
MC26_1160,Sander Eitrem,NOR,M,25.0,Speed Skating,3.0,28.1,27.0,13.2,86.8,151.0,3.0,980.0,95000,0.97,Gold,0,0,6.575757575757576,84.30000000000001,9.215,Gold,1
MC26_1161,Hanna Campbell,SLO,F,26.0,Speed Skating,1.0,26.1,200.5,11.95,73.9,178.0,0.0,599.0,32000,0.56,None,0,1,6.159090909090909,26.1,1.7920000000000003,None,0
MC26_1162,Kaitlyn Andersen,SWE,F,37.0,Short Track,2.0,26.1,232.0,11.7,67.4,165.0,4.0,307.0,56000,0.91,None,1,0,6.153153153153153,52.2,5.096,None,0
MC26_1163,Evelyn MacDonald,GER,F,34.0,Speed Skating,2.0,25.4,340.0,14.4,67.1,170.0,3.0,845.0,52000,0.88,None,0,0,4.659722222222221,50.8,4.5760000000000005,None,0
MC26_1164,Maja Dahlqvist,SWE,F,31.0,Cross-Country,3.0,35.6,1457.0,8.2,94.7,190.0,0.0,506.0,56000,0.91,Gold,1,0,11.54878048780488,106.80000000000001,5.096,Gold,1
MC26_1165,Sturla Holm Laegreid,NOR,M,29.0,Biathlon,1.0,35.0,1822.0,11.75,83.1,200.0,3.0,169.0,95000,0.97,Bronze,0,0,6.919117647058823,35.0,9.215,Silver_or_Bronze,1
MC26_1166,Lauren Taylor,JPN,F,35.0,Biathlon,3.0,31.1,1270.0,13.1,81.9,172.0,3.0,669.0,35000,0.74,None,0,1,6.919117647058823,79.19999999999999,2.59,None,0
MC26_1167,Marco Moore,FIN,M,29.0,Ice Hockey,0.0,24.5,105.0,11.2,55.8,203.0,7.0,595.0,53000,0.9,None,0,1,4.982142857142857,51.3,4.77,None,0
MC26_1168,Taylor Simon,GBR,F,32.0,Alpine Skiing,0.0,20.7,2381.0,8.5,63.8,205.0,2.0,712.0,50000,0.54,None,0,0,7.5058823529411764,0.0,2.7,None,0
MC26_1169,Mikael Svensson,CAN,M,29.0,Short Track,3.0,26.2,193.0,11.7,72.1,165.0,1.0,504.0,55000,0.88,None,1,0,6.153153153153153,78.6,4.84,None,0
MC26_1170,Pierre Johnson,GBR,M,30.0,Ice Hockey,4.0,25.4,190.0,12.4,63.9,213.0,8.0,595.0,50000,0.54,None,0,1,5.153225806451613,101.6,2.7,None,0
MC26_1171,Sofia Campbell,AUS,F,30.0,Snowboard,3.0,22.950000000000003,1558.0,16.5,63.2,209.0,6.0,377.0,65000,0.22,None,0,0,3.8303030303030305,50.2,1.43,None,0
MC26_1172,Tarjei Boe,NOR,M,37.0,Biathlon,5.0,31.1,1355.0,12.2,81.8,185.0,1.0,272.0,95000,0.97,None,0,0,6.704918032786885,79.19999999999999,9.215,None,0
MC26_1173,Marie-Philip Poulin,CAN,F,35.0,Ice Hockey,2.0,28.3,142.0,10.8,77.2,200.0,6.0,595.0,55000,0.88,Silver,0,1,7.148148148148148,56.6,4.84,Silver_or_Bronze,1
MC26_1174,Martin Ponsiluoma,SWE,M,31.0,Biathlon,2.0,29.7,1523.0,13.6,94.1,188.0,0.0,669.0,56000,0.91,Gold,0,1,6.919117647058823,59.4,5.096,Gold,1
MC26_1175,Nathan Williams,SWE,M,34.0,Alpine Skiing,3.0,21.7,1833.0,13.2,60.9,193.0,4.0,685.5,56000,0.91,None,0,1,4.613636363636364,65.1,5.096,None,0
MC26_1176,Jonas Wilson,NED,M,28.0,Snowboard,0.0,19.8,1859.0,12.1,57.6,212.0,4.0,528.0,62000,0.85,None,0,0,4.873949579831932,0.0,5.27,None,0
MC26_1177,Emil Iversen,NOR,M,35.0,Cross-Country,1.0,32.4,1236.0,11.9,92.7,190.0,0.0,720.0,95000,0.97,Bronze,1,0,7.7899159663865545,32.4,9.215,Silver_or_Bronze,1
MC26_1178,Dylan Campbell,POL,M,19.0,Biathlon,3.0,31.1,1657.0,10.8,73.4,169.0,3.0,669.0,20000,0.42,None,0,1,6.796296296296297,79.19999999999999,0.84,None,0
MC26_1179,Frida MacDonald,ITA,F,27.0,Cross-Country,3.0,35.2,1516.0,10.7,84.2,190.0,1.0,681.0,38000,0.82,None,1,0,7.869158878504674,105.60000000000001,3.1159999999999997,None,0
MC26_1180,Frida Stewart,FIN,F,25.0,Cross-Country,2.0,31.5,1934.0,10.0,84.7,190.0,1.0,491.0,53000,0.9,None,1,0,8.47,63.0,4.77,None,0
MC26_1181,Andrew Hansen,NED,M,28.0,Ice Hockey,2.0,29.2,87.0,9.6,67.1,191.0,5.0,595.0,62000,0.85,None,0,1,6.989583333333333,58.4,5.27,None,0
MC26_1182,Maja Hansen,USA,F,32.0,Speed Skating,3.0,29.6,81.0,15.0,76.6,193.0,3.0,972.0,80000,0.82,None,0,0,5.1066666666666665,88.80000000000001,6.56,None,0
MC26_1183,Carson Taylor,CAN,M,39.0,Short Track,4.0,21.8,227.0,11.1,68.3,186.0,4.0,563.0,55000,0.88,None,0,0,6.153153153153153,87.2,4.84,None,0
MC26_1184,Isabella Jones,USA,F,33.0,Ice Hockey,4.0,23.9,152.0,12.0,65.2,192.0,7.0,595.0,80000,0.82,None,0,1,5.433333333333334,95.6,6.56,None,0
MC26_1185,Kristin White,USA,F,20.0,Alpine Skiing,2.0,21.6,2398.0,9.8,64.6,178.0,2.0,717.0,80000,0.82,None,0,0,6.591836734693876,43.2,6.56,None,0
MC26_1186,Federico Pellegrino,ITA,M,36.0,Cross-Country,3.0,34.0,1286.0,7.1,88.6,190.0,2.0,879.0,38000,0.82,Bronze,1,0,12.47887323943662,102.0,3.1159999999999997,Silver_or_Bronze,1
MC26_1187,Laura Svensson,GER,F,33.0,Short Track,3.0,27.3,232.0,11.7,67.6,164.0,1.0,836.0,52000,0.88,None,0,0,6.153153153153153,81.9,4.5760000000000005,None,0
MC26_1188,Viktor Murray,SUI,M,40.0,Biathlon,2.0,35.4,1399.0,12.3,79.6,201.0,3.0,670.0,93000,0.93,None,0,0,6.471544715447154,70.8,8.649000000000001,None,0
MC26_1189,Emma Schmidt,SUI,F,30.0,Speed Skating,4.0,25.2,200.5,12.0,67.2,171.0,1.0,649.0,93000,0.93,None,0,0,5.6000000000000005,100.8,8.649000000000001,None,0
MC26_1190,Marco White,JPN,M,29.0,Freestyle Skiing,1.0,22.7,1429.0,13.0,68.7,238.0,5.0,492.0,35000,0.74,None,0,0,4.81344816687737,22.7,2.59,None,0
MC26_1191,Nick Bernard,NED,M,26.0,Cross-Country,2.0,36.4,1592.0,7.5,94.3,190.0,1.0,922.0,62000,0.85,None,1,0,12.573333333333332,72.8,5.27,None,0
MC26_1192,Devon Gruber,AUS,M,42.0,Cross-Country,4.0,32.6,1714.0,9.0,77.2,190.0,1.0,191.0,65000,0.22,None,1,0,8.577777777777778,130.4,1.43,None,0
MC26_1193,Zach Davis,FRA,M,35.0,Alpine Skiing,1.0,20.4,2110.0,9.5,59.1,192.0,1.0,1020.0,48000,0.87,None,0,0,6.221052631578948,20.4,4.176,None,0
MC26_1194,Viktor Murray,SWE,M,26.0,Luge,0.0,20.1,1100.0,16.8,57.4,143.0,3.0,235.0,56000,0.91,None,0,0,3.4166666666666665,0.0,5.096,None,0
MC26_1195,Viktor Muller,KOR,M,19.0,Speed Skating,3.0,25.8,398.0,10.1,69.2,171.0,3.0,793.0,35000,0.71,None,0,0,6.851485148514852,77.4,2.485,None,0
MC26_1196,Leon Moore,NZL,M,23.0,Cross-Country,3.0,32.1,1865.0,7.3,87.6,190.0,3.0,1015.0,50000,0.32,None,1,0,12.0,96.30000000000001,1.6,None,0
MC26_1197,Emma Simon,ITA,F,35.0,Short Track,2.0,25.2,196.0,14.7,65.1,173.0,1.0,191.0,38000,0.82,None,0,0,4.428571428571429,50.4,3.1159999999999997,None,0
MC26_1198,Olivia Fischer,CAN,F,35.0,Alpine Skiing,2.0,20.8,1875.0,12.1,61.1,189.0,5.0,974.0,55000,0.88,None,0,0,5.049586776859504,41.6,4.84,None,0
MC26_1199,Lisa Vittozzi,ITA,F,31.0,Biathlon,5.0,31.1,1512.5,9.9,81.9,173.0,2.0,403.0,38000,0.82,Gold,0,0,6.919117647058823,79.19999999999999,3.1159999999999997,Gold,1
MC26_1200,Chloe Kim,USA,F,26.0,Snowboard,4.0,26.8,1667.0,10.7,65.6,256.0,6.0,508.5,80000,0.82,Silver,0,1,6.130841121495327,107.2,6.56,Silver_or_Bronze,1
MC26_1201,Ava Harris,SUI,F,26.0,Short Track,3.0,22.3,291.0,11.7,59.9,168.0,3.0,686.0,93000,0.93,None,0,0,6.153153153153153,66.9,8.649000000000001,None,0
MC26_1202,Elena Anderson,NOR,F,35.0,Biathlon,2.0,31.9,1756.0,12.2,85.1,180.0,1.0,739.0,95000,0.97,None,0,0,6.975409836065574,63.8,9.215,None,0
MC26_1203,Ava Meier,USA,F,27.0,Short Track,4.0,26.0,271.0,14.0,71.15,147.0,1.0,264.0,80000,0.82,None,0,0,6.153153153153153,104.0,6.56,None,0
MC26_1204,Alyssa Bauer,USA,F,28.0,Alpine Skiing,3.0,20.1,2203.0,13.7,65.1,177.0,5.0,479.0,80000,0.82,None,0,0,4.751824817518248,60.300000000000004,6.56,None,0
MC26_1205,Nick Brown,NOR,M,20.0,Biathlon,1.0,31.1,1398.0,10.1,76.1,174.0,0.0,133.0,95000,0.97,None,0,0,7.534653465346534,79.19999999999999,9.215,None,0
MC26_1206,Frida Jones,SWE,F,29.0,Ice Hockey,3.0,24.5,73.0,11.1,63.0,193.0,8.0,595.0,56000,0.91,None,1,1,5.675675675675675,51.3,5.096,None,0
MC26_1207,Elena Keller,JPN,F,34.0,Ice Hockey,3.0,24.9,127.0,9.4,60.9,213.0,4.0,595.0,35000,0.74,None,0,1,6.478723404255319,74.69999999999999,2.59,None,0
MC26_1208,Abigail Gruber,CHN,F,25.0,Biathlon,0.0,32.1,1480.0,11.3,75.6,166.0,2.0,669.0,13000,0.62,None,0,1,6.690265486725663,0.0,0.806,None,0
MC26_1209,Frida Larsen,JPN,F,24.0,Ice Hockey,3.0,25.9,22.0,11.2,64.7,187.0,8.0,595.0,35000,0.74,None,0,1,5.776785714285715,77.69999999999999,2.59,None,0
MC26_1210,Elena Williams,SWE,F,33.0,Speed Skating,4.0,26.0,79.0,12.6,65.9,182.0,1.0,975.0,56000,0.91,None,0,0,5.230158730158731,104.0,5.096,None,0
MC26_1211,Jens Gruber,GER,M,35.0,Cross-Country,1.0,30.0,1884.0,7.1,75.9,190.0,2.0,1224.0,52000,0.88,None,1,0,10.690140845070424,30.0,4.5760000000000005,None,0
MC26_1212,Nicolas Robinson,SLO,M,41.0,Bobsleigh,1.0,21.3,846.0,13.8,61.3,177.0,4.0,331.0,32000,0.56,None,0,0,4.48051948051948,21.3,1.7920000000000003,None,0
MC26_1213,Vera Murray,CHN,F,31.0,Short Track,0.0,21.4,63.0,10.8,68.1,165.0,3.0,495.0,13000,0.62,None,1,0,6.3055555555555545,0.0,0.806,None,0
MC26_1214,Vera Walker,CAN,F,27.0,Ice Hockey,3.0,26.2,38.0,9.7,64.2,193.0,4.0,595.0,55000,0.88,None,0,1,6.618556701030928,78.6,4.84,None,0
MC26_1215,Lauren Martin,SWE,F,23.0,Speed Skating,3.0,23.7,252.0,9.2,69.9,158.0,2.0,476.0,56000,0.91,None,0,0,7.597826086956523,71.1,5.096,None,0
MC26_1216,Tyler Murray,USA,M,22.0,Curling,1.0,17.3,151.0,18.7,46.2,190.0,2.0,595.0,80000,0.82,None,1,1,2.4705882352941178,17.3,6.56,None,0
MC26_1217,Maja Nilsson,ITA,F,29.0,Snowboard,3.0,23.3,1815.0,12.7,58.5,214.0,2.0,326.0,38000,0.82,None,0,0,4.606299212598426,69.9,3.1159999999999997,None,0
MC26_1218,Tobias Stewart,GER,M,21.0,Ice Hockey,3.0,24.4,33.0,9.9,65.3,176.0,3.0,595.0,52000,0.88,None,0,1,6.595959595959595,73.19999999999999,4.5760000000000005,None,0
MC26_1219,Lars Brown,SWE,M,22.0,Biathlon,3.0,33.4,1488.0,11.75,80.0,207.0,3.0,669.0,56000,0.91,None,0,1,6.919117647058823,100.19999999999999,5.096,None,0
MC26_1220,Erik Johnson,USA,M,35.0,Snowboard,2.0,27.6,2140.0,10.7,64.2,228.0,3.0,577.0,80000,0.82,Silver,0,0,6.000000000000001,55.2,6.56,Silver_or_Bronze,1
MC26_1221,Alysa Liu,USA,F,21.0,Figure Skating,2.0,28.7,143.0,13.6,60.4,190.0,3.0,595.0,80000,0.82,Gold,1,1,4.4411764705882355,57.4,6.56,Gold,1
MC26_1222,Harper Lewis,CAN,F,37.0,Biathlon,3.0,29.4,1665.0,11.2,78.0,180.0,3.0,668.0,55000,0.88,None,1,0,6.964285714285714,88.19999999999999,4.84,None,0
MC26_1223,Emma Morrison,GBR,F,34.0,Snowboard,2.0,20.4,1774.0,10.2,58.4,255.0,1.0,147.0,50000,0.54,None,0,0,5.7254901960784315,40.8,2.7,None,0
MC26_1224,Mitch Nilsson,FRA,M,27.0,Alpine Skiing,1.0,23.4,2224.0,10.7,61.4,199.0,5.0,581.0,48000,0.87,None,1,0,5.738317757009346,23.4,4.176,None,0
MC26_1225,Maja Miller,CAN,F,20.0,Curling,5.0,15.8,57.0,21.1,48.3,190.0,1.0,595.0,55000,0.88,Gold,1,1,2.2890995260663503,79.0,4.84,Gold,1
MC26_1226,Johannes Høsflot Klæbo,NOR,M,30.0,Cross-Country,1.0,36.8,1611.0,8.4,96.0,190.0,3.0,440.0,95000,0.97,Gold,1,0,11.428571428571429,36.8,9.215,Gold,1
MC26_1227,Zach Simon,CAN,M,23.0,Speed Skating,1.0,25.2,200.5,8.9,72.5,171.0,2.0,771.0,55000,0.88,None,0,0,8.146067415730336,25.2,4.84,None,0
MC26_1228,Kristin Taylor,JPN,F,41.0,Speed Skating,2.0,27.2,286.0,8.9,72.5,171.0,0.0,896.0,35000,0.74,None,0,0,8.146067415730336,54.4,2.59,None,0
MC26_1229,Sofia Anderson,NOR,F,44.0,Cross-Country,1.0,36.3,1383.0,9.2,92.3,190.0,0.0,266.0,95000,0.97,Silver,1,0,8.957894736842105,36.3,9.215,Silver_or_Bronze,1
MC26_1230,Lukas Steiner,SUI,M,26.0,Snowboard,0.0,19.8,1871.0,12.1,53.4,201.0,1.0,480.0,93000,0.93,None,0,0,4.413223140495868,0.0,8.649000000000001,None,0
MC26_1231,Lukas Johnson,CAN,M,31.0,Snowboard,4.0,28.6,2109.0,10.2,63.0,201.0,3.0,585.0,55000,0.88,None,0,0,6.176470588235294,114.4,4.84,None,0
MC26_1232,Tyler Lewis,JPN,M,39.0,Freestyle Skiing,4.0,24.0,1288.0,11.1,55.0,216.0,5.0,114.0,35000,0.74,None,0,0,4.954954954954955,96.0,2.59,None,0
MC26_1233,Trevor Clark,CZE,M,24.0,Speed Skating,4.0,23.4,381.0,13.9,70.3,152.0,1.0,411.0,28000,0.64,None,0,0,5.057553956834532,93.6,1.7919999999999998,None,0
MC26_1234,Arianna Fontana,ITA,F,36.0,Short Track,1.0,30.0,41.0,9.6,79.7,175.0,1.0,147.0,38000,0.82,Silver,0,0,8.302083333333334,30.0,3.1159999999999997,Silver_or_Bronze,1
MC26_1235,Jens Lewis,CHN,M,22.0,Ice Hockey,0.0,23.7,56.0,14.5,62.1,183.0,1.0,595.0,13000,0.62,None,0,1,4.2827586206896555,0.0,0.806,None,0
MC26_1236,Lucas Pinheiro Braathen,BRA,M,26.0,Alpine Skiing,1.0,26.7,1848.0,12.4,80.0,215.0,1.0,529.0,11000,0.04,Gold,0,0,6.451612903225806,26.7,0.044000000000000004,Gold,1
MC26_1237,Sofia Goggia,ITA,F,34.0,Alpine Skiing,1.0,24.9,2424.0,11.9,74.6,213.0,2.0,421.0,38000,0.82,Bronze,0,0,6.268907563025209,24.9,3.1159999999999997,Silver_or_Bronze,1
MC26_1238,Nina Walker,AUT,F,40.0,Cross-Country,1.0,31.7,1805.0,7.7,81.6,190.0,1.0,325.0,56000,0.92,None,1,0,10.597402597402596,31.7,5.152,None,0
MC26_1239,Anja Thomas,FIN,F,22.0,Biathlon,1.0,31.1,1277.0,13.3,85.7,180.0,3.0,529.0,53000,0.9,None,1,0,6.443609022556391,31.1,4.77,None,0
MC26_1240,Therese Moore,SWE,F,20.0,Luge,1.0,18.0,700.0,13.1,62.2,179.0,4.0,522.0,56000,0.91,None,0,0,4.748091603053435,18.0,5.096,None,0
MC26_1241,Josh Jackson,NZL,M,32.0,Snowboard,2.0,25.3,1788.0,10.4,60.9,212.0,2.0,508.5,50000,0.32,None,0,1,5.855769230769231,50.6,1.6,None,0
MC26_1242,Ida Jones,AUT,F,37.0,Freestyle Skiing,3.0,23.5,1661.0,11.3,54.1,217.0,5.0,411.0,56000,0.92,None,0,0,4.787610619469026,70.5,5.152,None,0
MC26_1243,Andrew Jensen,CZE,M,27.0,Snowboard,1.0,23.2,1588.0,15.1,60.55,241.0,5.0,258.0,28000,0.64,None,0,0,4.873949579831932,23.2,1.7919999999999998,None,0
MC26_1244,Lisa Bernard,SUI,F,35.0,Ice Hockey,2.0,25.3,91.0,11.6,56.7,191.0,7.0,595.0,93000,0.93,None,0,1,4.887931034482759,50.6,8.649000000000001,None,0
MC26_1245,Linn Svahn,SWE,F,25.0,Cross-Country,3.0,34.5,1683.0,10.6,92.8,190.0,1.0,1072.0,56000,0.91,Gold,1,0,8.754716981132075,103.5,5.096,Gold,1
MC26_1246,Dylan Brown,ITA,M,31.0,Snowboard,2.0,23.1,1662.0,12.4,60.55,207.0,5.0,748.0,38000,0.82,None,0,0,4.873949579831932,46.2,3.1159999999999997,None,0
MC26_1247,Petra Vlhova,SVK,F,31.0,Alpine Skiing,4.0,19.0,2434.0,13.8,65.7,199.0,1.0,488.0,25000,0.5,None,1,0,4.760869565217392,76.0,1.25,None,0
MC26_1248,Taylor Robinson,FRA,F,30.0,Alpine Skiing,2.0,22.5,2582.0,12.0,66.1,192.0,5.0,893.0,48000,0.87,None,0,0,5.508333333333333,45.0,4.176,None,0
MC26_1249,Dominik Paris,ITA,M,37.0,Alpine Skiing,3.0,21.1,1934.0,11.6,65.4,212.0,1.0,1022.0,38000,0.82,Bronze,0,0,5.637931034482759,63.300000000000004,3.1159999999999997,Silver_or_Bronze,1
MC26_1250,Logan Miller,SWE,M,38.0,Ice Hockey,0.0,22.0,135.0,9.8,54.6,219.0,1.0,595.0,56000,0.91,None,0,1,5.571428571428571,0.0,5.096,None,0
MC26_1251,Emily Taylor,KOR,F,30.0,Cross-Country,0.0,35.1,1842.0,10.6,85.4,190.0,2.0,1259.0,35000,0.71,None,1,0,8.056603773584907,0.0,2.485,None,0
MC26_1252,Irene Schouten,NED,F,34.0,Speed Skating,1.0,28.7,182.0,14.4,80.9,183.0,2.0,1097.0,62000,0.85,Bronze,0,0,5.618055555555556,28.7,5.27,Silver_or_Bronze,1
MC26_1253,Rachel Jackson,CAN,F,19.0,Speed Skating,3.0,25.5,200.0,8.4,67.4,157.0,2.0,833.0,55000,0.88,None,0,0,8.023809523809524,76.5,4.84,None,0
MC26_1254,Kaillie Humphries,USA,F,41.0,Bobsleigh,4.0,24.9,1107.0,16.4,71.5,147.0,1.0,293.0,80000,0.82,Bronze,0,0,4.359756097560976,99.6,6.56,Silver_or_Bronze,1
MC26_1255,Julia Simon,FRA,F,30.0,Biathlon,5.0,35.3,1248.0,11.75,95.6,180.0,3.0,738.0,48000,0.87,Gold,1,0,6.919117647058823,176.5,4.176,Gold,1
MC26_1256,Franjo von Allmen,SUI,M,25.0,Alpine Skiing,1.0,22.0,2327.0,10.1,69.4,196.0,1.0,946.0,93000,0.93,Gold,0,0,6.871287128712872,22.0,8.649000000000001,Gold,1
MC26_1257,Viktor Jackson,ITA,M,34.0,Short Track,3.0,23.7,175.0,11.7,69.9,157.0,3.0,596.0,38000,0.82,None,0,0,6.153153153153153,71.1,3.1159999999999997,None,0
MC26_1258,Maja Campbell,NZL,F,36.0,Curling,3.0,20.6,54.0,22.0,44.4,190.0,1.0,595.0,50000,0.32,None,1,1,2.018181818181818,61.800000000000004,1.6,None,0
MC26_1259,Ryan Brown,SWE,M,24.0,Biathlon,1.0,29.0,1508.0,11.2,81.6,174.0,2.0,667.0,56000,0.91,None,0,0,7.285714285714286,29.0,5.096,None,0
MC26_1260,Tobias Koch,KOR,M,25.0,Bobsleigh,2.0,18.2,1023.0,13.5,54.2,160.0,4.0,202.0,35000,0.71,None,0,0,4.014814814814815,36.4,2.485,None,0
MC26_1261,Olivia Stewart,FRA,F,35.0,Freestyle Skiing,0.0,16.4,1245.0,14.0,60.25,249.0,1.0,177.0,48000,0.87,None,0,0,4.81344816687737,0.0,4.176,None,0
MC26_1262,Sophia Gruber,ITA,F,30.0,Short Track,3.0,23.5,13.0,13.2,68.8,165.0,3.0,371.0,38000,0.82,None,1,0,5.212121212121212,70.5,3.1159999999999997,None,0
MC26_1263,Evan Bates,USA,M,37.0,Figure Skating,2.0,29.7,176.0,8.2,61.0,190.0,2.0,595.0,80000,0.82,Silver,1,1,7.439024390243903,59.4,6.56,Silver_or_Bronze,1
MC26_1264,Kyle Murray,GER,M,31.0,Cross-Country,3.0,33.6,1454.0,8.4,83.9,190.0,0.0,1363.0,52000,0.88,None,1,0,9.988095238095239,100.80000000000001,4.5760000000000005,None,0
MC26_1265,Rasmus Brown,GBR,M,33.0,Speed Skating,4.0,28.9,319.0,13.2,75.5,190.0,0.0,243.0,50000,0.54,None,0,0,5.71969696969697,115.6,2.7,None,0
MC26_1266,Maja Gruber,KOR,F,28.0,Ice Hockey,3.0,24.7,66.0,13.4,62.25,196.0,6.0,595.0,35000,0.71,None,0,1,5.3671091445427725,74.1,2.485,None,0
MC26_1267,Ava Andersen,BRA,F,32.0,Cross-Country,1.0,32.3,1994.0,9.0,82.0,190.0,1.0,1026.0,11000,0.04,None,1,0,9.11111111111111,32.3,0.044000000000000004,None,0
MC26_1268,Marco Odermatt,SUI,M,29.0,Alpine Skiing,3.0,26.8,2110.0,13.3,68.3,193.0,2.0,687.0,93000,0.93,Silver,0,0,5.135338345864661,80.4,8.649000000000001,Silver_or_Bronze,1
MC26_1269,Mitch Anderson,NZL,M,28.0,Short Track,5.0,27.2,171.0,12.7,77.7,161.0,4.0,319.0,50000,0.32,None,0,0,6.118110236220473,136.0,1.6,None,0
MC26_1270,Alyssa Murray,SWE,F,41.0,Ski Jumping,4.0,21.4,865.0,7.9,63.4,198.0,5.0,705.0,56000,0.91,None,0,0,8.025316455696203,85.6,5.096,None,0
MC26_1271,Lauren Gruber,HUN,F,20.0,Cross-Country,5.0,34.4,1283.0,9.5,85.1,190.0,2.0,720.0,22000,0.26,None,1,1,8.957894736842105,172.0,0.5720000000000001,None,0
MC26_1272,Thomas Fischer,HUN,M,21.0,Biathlon,3.0,26.4,1495.0,8.3,81.0,170.0,2.0,534.0,22000,0.26,None,0,0,9.759036144578312,79.19999999999999,0.5720000000000001,None,0
MC26_1273,Elana Meyers Taylor,USA,F,42.0,Bobsleigh,3.0,25.2,622.0,12.2,73.3,173.0,0.0,293.0,80000,0.82,Gold,1,1,6.008196721311475,75.6,6.56,Gold,1
MC26_1274,Carson Brown,KOR,M,43.0,Snowboard,3.0,23.3,1946.0,9.8,60.55,224.0,5.0,634.0,35000,0.71,None,0,0,4.873949579831932,69.9,2.485,None,0
MC26_1276,Trevor Martin,FRA,M,37.0,Ice Hockey,1.0,23.2,91.0,14.6,62.25,219.0,5.0,595.0,48000,0.87,None,0,1,5.3671091445427725,23.2,4.176,None,0
MC26_1277,Elena Clark,CAN,F,25.0,Snowboard,3.0,19.2,1751.0,12.4,57.2,245.0,2.0,281.0,55000,0.88,None,0,0,4.612903225806452,57.599999999999994,4.84,None,0
MC26_1278,Mia Meier,CAN,F,36.0,Biathlon,3.0,28.2,1641.0,11.3,79.6,169.0,3.0,357.0,55000,0.88,None,0,0,7.044247787610619,84.6,4.84,None,0
MC26_1279,Logan Hansen,CAN,M,29.0,Alpine Skiing,3.0,19.9,1909.0,12.9,66.6,223.0,5.0,847.0,55000,0.88,None,0,0,5.162790697674418,59.699999999999996,4.84,None,0
MC26_1280,Derek MacDonald,CHN,M,21.0,Nordic Combined,3.0,20.9,2461.0,11.1,59.0,179.0,1.0,357.0,13000,0.62,None,0,0,5.315315315315315,62.699999999999996,0.806,None,0
MC26_1281,Pierre Wilson,GBR,M,25.0,Biathlon,1.0,30.2,1808.0,12.2,84.5,165.0,1.0,906.0,50000,0.54,None,0,0,6.926229508196721,30.2,2.7,None,0
MC26_1282,Isabella Harris,KOR,F,27.0,Cross-Country,0.0,30.1,1808.0,9.2,76.9,190.0,1.0,1361.0,35000,0.71,None,1,0,8.358695652173914,0.0,2.485,None,0
MC26_1283,Antoine Cyr,CAN,M,28.0,Cross-Country,1.0,35.8,1775.0,8.5,80.4,190.0,2.0,968.0,55000,0.88,None,1,0,9.458823529411765,35.8,4.84,None,0
MC26_1284,Mac Forehand,USA,M,26.0,Freestyle Skiing,4.0,21.5,1760.0,9.9,59.2,256.0,6.0,874.0,80000,0.82,Silver,0,0,5.97979797979798,86.0,6.56,Silver_or_Bronze,1
MC26_1285,Xandra Velzeboer,NED,F,24.0,Short Track,2.0,32.4,49.0,11.4,87.9,151.0,3.0,960.0,62000,0.85,Gold,0,0,7.710526315789474,64.8,5.27,Gold,1
MC26_1286,Abigail Simon,AUT,F,43.0,Luge,2.0,19.7,620.0,15.5,53.7,155.0,2.0,623.0,56000,0.92,None,0,0,3.4645161290322584,39.4,5.152,None,0
MC26_1287,Nina MacDonald,USA,F,36.0,Ice Hockey,3.0,20.5,118.0,9.4,56.9,166.0,5.0,595.0,80000,0.82,None,0,1,6.053191489361701,61.5,6.56,None,0
MC26_1288,Charlotte Murray,SUI,F,29.0,Cross-Country,2.0,29.7,1492.0,9.0,83.2,190.0,3.0,322.0,93000,0.93,None,1,0,9.244444444444445,59.4,8.649000000000001,None,0
MC26_1289,Frida Karlsson,SWE,F,27.0,Cross-Country,5.0,37.7,1660.0,8.2,93.9,190.0,3.0,1237.0,56000,0.91,Gold,1,0,11.451219512195124,188.5,5.096,Gold,1
MC26_1290,Thomas Campbell,NOR,M,33.0,Alpine Skiing,4.0,18.6,1990.0,12.7,70.2,215.0,3.0,685.5,95000,0.97,None,0,1,5.527559055118111,74.4,9.215,None,0
MC26_1291,Hanna Jackson,GER,F,42.0,Snowboard,1.0,24.6,2374.0,10.2,55.8,213.0,5.0,548.0,52000,0.88,None,0,0,5.470588235294118,24.6,4.5760000000000005,None,0
MC26_1292,Ida Bauer,CAN,F,44.0,Alpine Skiing,0.0,18.5,1965.0,11.8,66.0,199.0,4.0,1033.0,55000,0.88,None,1,0,5.59322033898305,0.0,4.84,None,0
MC26_1293,Axel Keller,KOR,M,21.0,Alpine Skiing,3.0,21.8,1840.0,12.9,65.2,219.0,3.0,543.0,35000,0.71,None,0,0,5.054263565891473,65.4,2.485,None,0
MC26_1294,Nicolas Jensen,ITA,M,28.0,Ice Hockey,0.0,21.2,38.0,11.1,54.3,185.0,7.0,595.0,38000,0.82,None,0,1,4.891891891891892,0.0,3.1159999999999997,None,0
MC26_1295,Kayla Bauer,GBR,F,37.0,Luge,3.0,21.8,733.0,12.8,54.6,157.0,0.0,613.5,50000,0.54,None,1,1,4.265625,65.4,2.7,None,0
MC26_1296,Elizabeth Robinson,KOR,F,42.0,Alpine Skiing,1.0,20.2,2374.0,9.7,57.0,199.0,3.0,398.0,35000,0.71,None,1,0,5.876288659793815,20.2,2.485,None,0
MC26_1297,Sidney Crosby,CAN,M,39.0,Ice Hockey,3.0,27.6,110.0,9.3,72.7,200.0,7.0,595.0,55000,0.88,Silver,0,1,7.817204301075268,82.80000000000001,4.84,Silver_or_Bronze,1
MC26_1298,Erik Davis,SUI,M,31.0,Alpine Skiing,1.0,25.7,2117.0,10.2,62.7,199.0,1.0,594.0,93000,0.93,None,1,0,6.147058823529412,25.7,8.649000000000001,None,0
MC26_1299,Pierre Jackson,FRA,M,43.0,Alpine Skiing,2.0,25.7,1831.0,12.2,65.9,199.0,5.0,757.0,48000,0.87,None,1,0,5.401639344262296,51.4,4.176,None,0
MC26_1300,Jessie Diggins,USA,F,35.0,Cross-Country,4.0,34.2,1708.0,8.8,94.5,190.0,2.0,621.0,80000,0.82,Bronze,1,0,10.738636363636363,136.8,6.56,Silver_or_Bronze,1
MC26_1301,Alex Bilodeau,CAN,M,39.0,Freestyle Skiing,1.0,20.3,1629.0,13.6,56.1,236.0,4.0,424.0,55000,0.88,None,0,0,4.125,20.3,4.84,None,0
MC26_1302,Rachel Murray,CAN,F,23.0,Speed Skating,1.0,27.3,109.0,15.7,67.7,199.0,3.0,867.0,55000,0.88,None,0,0,4.312101910828026,27.3,4.84,None,0
MC26_1303,Mikael Kingsbury,CAN,M,34.0,Freestyle Skiing,4.0,23.4,1290.0,9.4,69.7,198.0,6.0,249.0,55000,0.88,Gold,0,0,7.414893617021277,93.6,4.84,Gold,1
MC26_1304,Emma Schmidt,AUS,F,37.0,Biathlon,2.0,33.4,1512.5,11.1,85.7,185.0,2.0,673.0,65000,0.22,None,0,0,7.720720720720721,66.8,1.43,None,0
MC26_1305,Silvana Tirinzoni,SUI,F,47.0,Curling,1.0,18.4,14.0,16.1,59.1,190.0,1.0,595.0,93000,0.93,Silver,1,1,3.670807453416149,18.4,8.649000000000001,Silver_or_Bronze,1
MC26_1306,Tyler Bernard,CZE,M,33.0,Ice Hockey,0.0,23.3,153.0,13.6,62.0,196.0,1.0,595.0,28000,0.64,None,0,1,4.5588235294117645,0.0,1.7919999999999998,None,0
MC26_1307,Erik Anderson,ITA,M,20.0,Freestyle Skiing,1.0,23.2,1457.0,12.1,58.6,245.0,2.0,657.0,38000,0.82,None,0,0,4.8429752066115705,23.2,3.1159999999999997,None,0
MC26_1308,Pierre Moore,CAN,M,35.0,Biathlon,1.0,30.8,1820.0,9.4,84.6,180.0,2.0,1078.0,55000,0.88,None,1,0,8.999999999999998,30.8,4.84,None,0
MC26_1309,Charlotte Robinson,NED,F,31.0,Alpine Skiing,4.0,24.2,1914.0,13.2,67.7,184.0,1.0,730.0,62000,0.85,Silver,0,0,5.128787878787879,96.8,5.27,Silver_or_Bronze,1
MC26_1310,Frida MacDonald,NED,F,25.0,Cross-Country,3.0,29.4,1551.0,8.0,75.8,190.0,2.0,321.0,62000,0.85,None,1,0,9.475,88.19999999999999,5.27,None,0
MC26_1311,Hanna Thompson,NZL,F,42.0,Ice Hockey,3.0,20.8,1.0,9.4,62.25,194.0,5.0,595.0,50000,0.32,None,0,1,5.3671091445427725,62.400000000000006,1.6,None,0
MC26_1312,Lars Williams,CAN,M,29.0,Snowboard,2.0,21.7,1743.0,15.3,53.9,226.0,3.0,432.0,55000,0.88,None,0,0,3.522875816993464,43.4,4.84,None,0
MC26_1313,Josh Brown,NOR,M,39.0,Freestyle Skiing,3.0,22.1,1385.0,14.1,63.4,239.0,6.0,834.0,95000,0.97,None,0,0,4.49645390070922,66.30000000000001,9.215,None,0
MC26_1314,Emma Bauer,GER,F,42.0,Ice Hockey,3.0,24.5,91.0,11.9,59.5,160.0,2.0,595.0,52000,0.88,None,0,1,5.0,73.5,4.5760000000000005,None,0
MC26_1315,Trevor Harris,ITA,M,44.0,Snowboard,3.0,19.4,1948.0,10.1,68.0,256.0,5.0,232.0,38000,0.82,None,0,0,6.732673267326733,58.199999999999996,3.1159999999999997,None,0
MC26_1316,Frida Smith,USA,F,44.0,Cross-Country,0.0,34.2,1217.0,9.9,82.0,190.0,1.0,1053.0,80000,0.82,None,1,0,8.282828282828282,96.30000000000001,6.56,None,0
MC26_1317,Pierre Andersen,NOR,M,37.0,Snowboard,4.0,22.7,1823.0,12.1,63.7,212.0,5.0,641.0,95000,0.97,None,0,0,4.873949579831932,90.8,9.215,None,0
MC26_1318,Therese Koch,AUT,F,28.0,Snowboard,3.0,22.8,1707.0,12.3,59.0,201.0,1.0,508.5,56000,0.92,None,0,1,4.796747967479675,68.4,5.152,None,0
MC26_1319,Rasmus Nilsson,CZE,M,28.0,Ice Hockey,3.0,24.5,136.0,9.0,61.5,164.0,5.0,595.0,28000,0.64,Silver,0,1,6.833333333333333,73.5,1.7919999999999998,Silver_or_Bronze,1
MC26_1320,Sofia White,CHN,F,43.0,Ski Jumping,4.0,26.4,634.0,7.0,57.8,220.0,1.0,317.0,13000,0.62,None,0,0,8.257142857142856,105.6,0.806,None,0
MC26_1321,Amelia Campbell,USA,F,34.0,Ice Hockey,1.0,24.2,60.0,12.2,60.5,202.0,8.0,595.0,80000,0.82,None,0,1,4.9590163934426235,24.2,6.56,None,0
MC26_1322,Erik Lewis,SWE,M,33.0,Biathlon,3.0,27.3,1412.0,11.9,81.6,209.0,1.0,845.0,56000,0.91,None,0,0,6.857142857142857,81.9,5.096,None,0
MC26_1323,Jenning de Boo,NED,M,29.0,Speed Skating,1.0,32.5,375.0,9.1,83.9,156.0,0.0,949.0,62000,0.85,Silver,0,0,9.21978021978022,32.5,5.27,Silver_or_Bronze,1
MC26_1324,Kayla Williams,AUT,F,39.0,Short Track,5.0,29.6,84.0,11.8,72.7,156.0,2.0,324.0,56000,0.92,None,0,0,6.161016949152542,148.0,5.152,None,0
MC26_1325,Erik Hansen,GER,M,25.0,Freestyle Skiing,3.0,19.3,1211.0,13.2,58.1,209.0,3.0,94.0,52000,0.88,None,0,0,4.401515151515152,57.900000000000006,4.5760000000000005,None,0
MC26_1326,Derek White,CAN,M,38.0,Snowboard,4.0,25.0,2396.0,15.6,64.3,259.0,1.0,181.0,55000,0.88,None,0,0,4.121794871794871,100.0,4.84,None,0
MC26_1327,Anja Steiner,SLO,F,22.0,Curling,0.0,16.2,69.5,19.7,51.2,190.0,1.0,595.0,32000,0.56,None,1,1,2.5989847715736043,0.0,1.7920000000000003,None,0
MC26_1328,Kyle Thompson,SWE,M,30.0,Speed Skating,3.0,27.15,36.0,11.2,79.1,163.0,0.0,571.0,56000,0.91,None,0,0,7.0625,58.0,5.096,None,0
MC26_1329,Nathan Chen,USA,M,27.0,Figure Skating,1.0,32.0,76.0,8.3,59.3,190.0,3.0,595.0,80000,0.82,None,1,1,7.144578313253011,32.0,6.56,None,0
MC26_1330,Mikaela Shiffrin,USA,F,31.0,Alpine Skiing,1.0,27.2,2272.0,8.2,81.2,180.0,2.0,823.0,80000,0.82,Gold,0,0,9.902439024390246,27.2,6.56,Gold,1
MC26_1331,Jackie Wiles,USA,F,35.0,Alpine Skiing,1.0,24.5,2519.0,9.3,71.6,187.0,1.0,616.0,80000,0.82,Bronze,0,0,7.698924731182794,24.5,6.56,Silver_or_Bronze,1
MC26_1332,Tanguy Nef,SUI,M,30.0,Alpine Skiing,1.0,21.2,1867.0,10.6,65.55000000000001,218.0,2.0,265.0,93000,0.93,Gold,0,0,5.637931034482759,21.2,8.649000000000001,Gold,1
MC26_1333,Nina Morrison,KOR,F,22.0,Ski Jumping,2.0,24.1,799.0,9.1,59.3,204.0,4.0,885.0,35000,0.71,None,0,0,7.2708999860898595,48.2,2.485,None,0
MC26_1334,Quentin Fillon Maillet,FRA,M,34.0,Biathlon,5.0,35.7,1729.0,10.9,89.3,169.0,1.0,1333.0,48000,0.87,Gold,0,0,8.192660550458715,178.5,4.176,Gold,1
MC26_1335,Lisa Jackson,GER,F,26.0,Biathlon,5.0,28.2,1920.0,12.8,83.0,194.0,1.0,241.0,52000,0.88,None,0,0,6.484375,141.0,4.5760000000000005,None,0
MC26_1336,Jens Luras Oftebro,NOR,M,27.0,Nordic Combined,3.0,21.3,2292.0,13.5,71.2,214.0,4.0,681.0,95000,0.97,Gold,0,0,5.274074074074075,63.900000000000006,9.215,Gold,1
MC26_1337,Gus Schumacher,USA,M,24.0,Cross-Country,4.0,35.9,1841.0,11.3,94.1,190.0,1.0,491.0,80000,0.82,Silver,1,0,8.327433628318584,143.6,6.56,Silver_or_Bronze,1
MC26_1338,Jake Schmidt,CHN,M,39.0,Speed Skating,1.0,26.5,333.0,10.1,68.2,196.0,0.0,180.0,13000,0.62,None,0,0,6.752475247524753,26.5,0.806,None,0
MC26_1339,Logan Meier,CAN,M,40.0,Luge,3.0,18.2,908.0,11.1,54.7,146.0,1.0,607.0,55000,0.88,None,0,0,4.927927927927929,54.599999999999994,4.84,None,0
MC26_1340,Jaelin Kauf,USA,F,28.0,Freestyle Skiing,3.0,21.1,1947.0,12.4,68.9,231.0,3.0,293.0,80000,0.82,Silver,0,0,5.556451612903226,63.300000000000004,6.56,Silver_or_Bronze,1
MC26_1341,Lars Bernard,FRA,M,40.0,Alpine Skiing,2.0,21.9,2565.0,8.1,65.7,219.0,2.0,305.0,48000,0.87,None,0,0,8.111111111111112,43.6,4.176,None,0
MC26_1342,Mathis Desloges,FRA,M,25.0,Cross-Country,5.0,36.2,1844.0,11.0,96.0,190.0,0.0,605.0,48000,0.87,Silver,1,0,8.727272727272727,181.0,4.176,Silver_or_Bronze,1
MC26_1343,Mia Clark,NED,F,30.0,Ice Hockey,1.0,26.8,1.0,15.0,63.4,218.0,6.0,595.0,62000,0.85,None,0,1,4.226666666666667,26.8,5.27,None,0
MC26_1344,Henrik Anderson,HUN,M,35.0,Bobsleigh,2.0,26.4,561.0,15.4,69.0,187.0,2.0,204.0,22000,0.26,Bronze,0,0,4.48051948051948,52.8,0.5720000000000001,Silver_or_Bronze,1
MC26_1345,Therese Davis,CHN,F,42.0,Short Track,4.0,26.2,175.0,12.1,69.0,178.0,4.0,604.0,13000,0.62,None,0,0,5.702479338842975,59.2,0.806,None,0
MC26_1346,Jonas Keller,AUT,M,22.0,Speed Skating,1.0,26.9,24.0,9.6,73.9,172.5,2.0,153.0,56000,0.92,None,1,0,6.159090909090909,26.9,5.152,None,0
MC26_1347,Brandon Thompson,CAN,M,19.0,Freestyle Skiing,1.0,21.4,1911.0,13.1,66.0,199.0,1.0,771.0,55000,0.88,Bronze,0,0,5.038167938931298,25.2,4.84,Silver_or_Bronze,1
MC26_1348,Ida Martin,BRA,F,20.0,Freestyle Skiing,4.0,21.7,1377.0,14.5,57.1,203.0,2.0,424.0,11000,0.04,None,0,1,3.9379310344827587,86.8,0.044000000000000004,None,0
MC26_1349,Madison Meier,CZE,F,20.0,Speed Skating,3.0,25.6,306.0,15.4,66.7,163.0,3.0,513.0,28000,0.64,None,0,0,4.3311688311688314,76.80000000000001,1.7919999999999998,None,0
MC26_1350,Amelia Simon,NED,F,31.0,Biathlon,3.0,28.1,1307.0,12.4,76.6,204.0,3.0,669.0,62000,0.85,None,0,1,6.177419354838709,84.30000000000001,5.27,None,0
MC26_1351,Sofia Andersen,HUN,F,27.0,Ice Hockey,1.0,24.5,12.0,13.5,60.5,173.0,4.0,595.0,22000,0.26,None,0,1,4.481481481481482,51.3,0.5720000000000001,None,0
MC26_1352,Lindsey Vonn,USA,F,42.0,Alpine Skiing,3.0,21.4,2110.0,12.9,61.5,219.0,2.0,212.0,80000,0.82,None,0,0,4.767441860465116,64.19999999999999,6.56,None,0
MC26_1353,Madison Chock,USA,F,34.0,Figure Skating,4.0,26.5,194.0,14.0,60.5,190.0,1.0,595.0,80000,0.82,Silver,1,1,4.321428571428571,106.0,6.56,Silver_or_Bronze,1
MC26_1354,Kristin Steiner,CHN,F,31.0,Cross-Country,5.0,32.2,1898.0,7.4,85.6,190.0,3.0,803.0,13000,0.62,None,1,0,11.567567567567567,161.0,0.806,None,0
MC26_1355,Lukas Davis,POL,M,28.0,Speed Skating,2.0,27.15,337.0,9.9,71.1,185.0,0.0,319.0,20000,0.42,None,0,0,7.181818181818181,58.0,0.84,None,0
MC26_1357,Alyssa Clark,NED,F,43.0,Cross-Country,3.0,35.0,1436.0,8.0,77.2,190.0,1.0,558.0,62000,0.85,None,1,0,9.65,105.0,5.27,None,0
MC26_1358,Kyle Thomas,CHN,M,39.0,Biathlon,1.0,28.4,1512.5,13.8,70.9,206.0,0.0,100.0,13000,0.62,None,0,0,5.13768115942029,28.4,0.806,None,0
MC26_1359,Eliot Grondin,CAN,M,25.0,Snowboard,1.0,22.950000000000003,1785.0,13.6,60.55,208.0,6.0,489.0,55000,0.88,Silver,0,0,4.873949579831932,50.2,4.84,Silver_or_Bronze,1
MC26_1360,Paula Moltzan,USA,F,32.0,Alpine Skiing,3.0,24.3,2266.0,8.9,70.7,181.0,3.0,607.0,80000,0.82,Bronze,0,0,7.943820224719101,72.9,6.56,Silver_or_Bronze,1
MC26_1361,Kayla Larsen,SWE,F,29.0,Bobsleigh,0.0,23.45,820.0,14.2,61.3,187.0,0.0,424.0,56000,0.91,None,0,0,4.316901408450704,45.2,5.096,None,0
MC26_1362,Ingrid Robinson,POL,F,37.0,Luge,2.0,21.1,719.0,14.4,49.0,143.0,1.0,620.0,20000,0.42,None,0,0,3.4027777777777777,42.2,0.84,None,0
MC26_1363,Anja Smith,CZE,F,42.0,Cross-Country,1.0,29.0,1601.5,10.7,76.0,190.0,3.0,1034.0,28000,0.64,None,1,0,7.102803738317758,29.0,1.7919999999999998,None,0
MC26_1364,Brendan Mackay,CAN,M,28.0,Freestyle Skiing,1.0,22.6,1285.0,12.9,64.4,195.0,5.0,771.0,55000,0.88,Bronze,0,0,4.992248062015504,22.6,4.84,Silver_or_Bronze,1
MC26_1365,Kyle Wilson,KOR,M,26.0,Alpine Skiing,2.0,19.4,1813.0,12.0,62.5,199.0,5.0,255.0,35000,0.71,None,1,0,5.208333333333333,38.8,2.485,None,0
MC26_1366,Kyle Walker,FRA,M,25.0,Short Track,2.0,24.8,178.0,11.6,69.0,165.0,3.0,627.0,48000,0.87,None,0,0,5.948275862068965,49.6,4.176,None,0
MC26_1367,Logan Jackson,ITA,M,34.0,Short Track,3.0,28.8,253.0,13.9,73.0,184.0,1.0,327.0,38000,0.82,None,0,0,5.251798561151079,86.4,3.1159999999999997,None,0
MC26_1368,Nina Schmidt,CZE,F,19.0,Speed Skating,4.0,22.3,210.0,14.5,70.4,172.5,3.0,175.0,28000,0.64,None,1,0,4.855172413793104,89.2,1.7919999999999998,None,0
MC26_1369,Laura Thompson,AUT,F,23.0,Ice Hockey,0.0,24.0,2.0,14.5,59.7,190.0,8.0,595.0,56000,0.92,None,0,1,4.117241379310345,0.0,5.152,None,0
MC26_1370,Emily Walker,SUI,F,40.0,Freestyle Skiing,1.0,21.4,1964.0,13.3,61.4,193.0,4.0,401.0,93000,0.93,None,0,0,4.616541353383458,21.4,8.649000000000001,None,0
MC26_1371,Marco Fischer,JPN,M,30.0,Cross-Country,2.0,34.2,1336.0,8.9,82.2,190.0,0.0,769.0,35000,0.74,None,1,0,9.235955056179776,96.30000000000001,2.59,None,0
MC26_1372,Taylor Gruber,KOR,F,29.0,Ice Hockey,2.0,25.4,104.0,13.5,65.1,193.0,7.0,595.0,35000,0.71,None,1,1,4.822222222222222,50.8,2.485,None,0
MC26_1373,Nicolas Thomas,AUS,M,19.0,Speed Skating,1.0,29.2,200.5,12.6,76.8,173.0,1.0,725.0,65000,0.22,None,0,0,6.095238095238095,29.2,1.43,None,0
MC26_1374,Pierre Bernard,SWE,M,33.0,Cross-Country,4.0,28.6,1501.0,11.0,77.5,190.0,1.0,893.0,56000,0.91,None,1,0,7.045454545454546,114.4,5.096,None,0
MC26_1375,Daniel White,CAN,M,20.0,Freestyle Skiing,1.0,20.4,1504.0,10.3,56.2,255.0,2.0,330.0,55000,0.88,None,0,0,5.456310679611651,20.4,4.84,None,0
MC26_1376,Rasmus Larsen,NOR,M,40.0,Freestyle Skiing,4.0,21.3,1927.0,13.0,62.9,201.0,4.0,424.0,95000,0.97,Bronze,0,1,4.81344816687737,85.2,9.215,Silver_or_Bronze,1
MC26_1377,Cale Davis,BRA,M,34.0,Ice Hockey,1.0,23.2,33.0,8.6,54.5,212.0,4.0,595.0,11000,0.04,None,0,1,6.337209302325582,23.2,0.044000000000000004,None,0
MC26_1378,Klara Harris,FRA,F,41.0,Ice Hockey,3.0,24.7,186.0,14.3,57.3,193.0,6.0,595.0,48000,0.87,None,0,1,4.006993006993007,74.1,4.176,None,0
MC26_1379,Lou Jeanmonnot,FRA,F,28.0,Biathlon,4.0,34.5,1517.0,12.3,91.6,180.0,1.0,236.0,48000,0.87,Silver,1,0,7.447154471544715,138.0,4.176,Silver_or_Bronze,1
MC26_1380,Andrew Harris,NOR,M,19.0,Freestyle Skiing,0.0,19.8,2096.0,15.2,58.3,235.0,5.0,424.0,95000,0.97,None,0,0,3.835526315789474,0.0,9.215,None,0
MC26_1381,Therese Martin,GER,F,31.0,Short Track,0.0,27.7,82.0,11.8,64.7,148.0,3.0,536.0,52000,0.88,None,0,0,5.483050847457627,0.0,4.5760000000000005,None,0
MC26_1382,Kristin Larsen,AUT,F,43.0,Bobsleigh,3.0,25.5,631.0,11.2,69.2,165.0,3.0,219.0,56000,0.92,Silver,0,0,6.178571428571429,76.5,5.152,Silver_or_Bronze,1
MC26_1384,Laurent Dubreuil,CAN,M,34.0,Speed Skating,1.0,31.9,371.0,15.0,82.8,192.0,2.0,380.0,55000,0.88,Bronze,0,0,5.52,31.9,4.84,Silver_or_Bronze,1
MC26_1385,Emily Taylor,CZE,F,27.0,Alpine Skiing,2.0,24.3,2386.0,10.1,67.1,199.0,5.0,704.0,28000,0.64,None,1,0,6.643564356435643,48.6,1.7919999999999998,None,0
MC26_1386,Patrick Roest,NED,M,30.0,Speed Skating,5.0,24.6,326.0,11.95,73.9,171.0,3.0,1033.0,62000,0.85,None,0,0,6.159090909090909,123.0,5.27,None,0
MC26_1387,Abigail Muller,FIN,F,26.0,Cross-Country,5.0,35.0,1907.0,9.8,86.6,190.0,1.0,943.0,53000,0.9,None,1,0,8.836734693877549,175.0,4.77,None,0
MC26_1388,Elena Stewart,GER,F,22.0,Speed Skating,0.0,27.5,96.0,11.9,67.3,172.0,3.0,659.0,52000,0.88,None,0,0,5.655462184873949,0.0,4.5760000000000005,None,0
MC26_1389,Maria Murray,AUS,F,19.0,Alpine Skiing,1.0,20.5,1848.0,12.9,55.6,199.0,1.0,685.5,65000,0.22,None,0,1,4.310077519379845,20.5,1.43,None,0
MC26_1390,Rachel Thomas,CZE,F,36.0,Ice Hockey,3.0,23.3,155.0,9.6,62.4,208.0,4.0,595.0,28000,0.64,None,0,1,6.5,69.9,1.7919999999999998,None,0
